#CAR 
INSERT INTO CAR (ReferenceID, Reference, Year, Transmission, Brand, Type) VALUES ('1', 'Swift Dzire MT GL', '2023', 'Mechanic ', 'SUZUKI', 'Automovil');
INSERT INTO CAR (ReferenceID, Reference, Year, Transmission, Brand, Type) VALUES ('2', 'S-presso GA', '2023', 'Mechanic ', 'SUZUKI', 'Automovil');
INSERT INTO CAR (ReferenceID, Reference, Year, Transmission, Brand, Type) VALUES ('3', 'S-presso GL', '2023', 'Mechanic ', 'SUZUKI', 'Automovil');
INSERT INTO CAR (ReferenceID, Reference, Year, Transmission, Brand, Type) VALUES ('4', 'RANGER XL DIESEL', '2023', 'Mechanic ', 'FORD', 'Truck');
INSERT INTO CAR (ReferenceID, Reference, Year, Transmission, Brand, Type) VALUES ('5', 'C4 Cactus Shine 1.6 AT', '2023', 'Automatic', 'Citroen', 'SUV');
INSERT INTO CAR (ReferenceID, Reference, Year, Transmission, Brand, Type) VALUES ('6', 'C4 Cactus Feel 1.6 AT', '2023', 'Automatic', 'Citroen', 'SUV');
INSERT INTO CAR (ReferenceID, Reference, Year, Transmission, Brand, Type) VALUES ('7', 'NEW BALENO GL MT', '2023', 'Mechanic ', 'SUZUKI', 'Automovil');
INSERT INTO CAR (ReferenceID, Reference, Year, Transmission, Brand, Type) VALUES ('8', 'NEW BALENO GL AT', '2023', 'Automatic', 'SUZUKI', 'Automovil');
INSERT INTO CAR (ReferenceID, Reference, Year, Transmission, Brand, Type) VALUES ('9', 'Vitara 2WD AT', '2023', 'Automatic', 'SUZUKI', 'SUV');
INSERT INTO CAR (ReferenceID, Reference, Year, Transmission, Brand, Type) VALUES ('10', 'Vitara 2WD MT', '2023', 'Mechanic ', 'SUZUKI', 'SUV');
INSERT INTO CAR (ReferenceID, Reference, Year, Transmission, Brand, Type) VALUES ('11', 'VITARA ALL GRIP MT', '2023', 'Mechanic ', 'SUZUKI', 'SUV');
INSERT INTO CAR (ReferenceID, Reference, Year, Transmission, Brand, Type) VALUES ('12', 'VITARA ALL GRIP AT', '2023', 'Automatic', 'SUZUKI', 'SUV');
INSERT INTO CAR (ReferenceID, Reference, Year, Transmission, Brand, Type) VALUES ('13', 'Vitara All Grip MT GLX FS', '2023', 'Mechanic ', 'SUZUKI', 'SUV');
INSERT INTO CAR (ReferenceID, Reference, Year, Transmission, Brand, Type) VALUES ('14', 'Vitara All Grip AT GLX FS', '2023', 'Automatic', 'SUZUKI', 'SUV');
INSERT INTO CAR (ReferenceID, Reference, Year, Transmission, Brand, Type) VALUES ('15', 'Scross 4X4 GLX MT', '2023', 'Mechanic ', 'SUZUKI', 'SUV');
INSERT INTO CAR (ReferenceID, Reference, Year, Transmission, Brand, Type) VALUES ('16', 'Scross 4X4 GLX AT', '2023', 'Automatic', 'SUZUKI', 'SUV');
INSERT INTO CAR (ReferenceID, Reference, Year, Transmission, Brand, Type) VALUES ('17', 'RANGER XLS DIESEL', '2023', 'Mechanic ', 'FORD', 'Truck');
INSERT INTO CAR (ReferenceID, Reference, Year, Transmission, Brand, Type) VALUES ('18', 'Ranger XLT Diesel 3.2L', '2023', 'Mechanic ', 'FORD', 'Truck');
INSERT INTO CAR (ReferenceID, Reference, Year, Transmission, Brand, Type) VALUES ('19', 'ARONA Nuevo Arona FR 1.6 MPI AT EU6', '2023', 'Automatic', 'SEAT', 'SUV');
INSERT INTO CAR (ReferenceID, Reference, Year, Transmission, Brand, Type) VALUES ('20', 'ATECA Nuevo Ateca Style Sport 1.4 TSI AT (Nueva Conf.) ', '2023', 'Automatic', 'SEAT', 'SUV');
INSERT INTO CAR (ReferenceID, Reference, Year, Transmission, Brand, Type) VALUES ('21', 'CAPTIVA TURBO PREMIER', '2023', 'Automatic', 'Chevrolet', 'SUV');
INSERT INTO CAR (ReferenceID, Reference, Year, Transmission, Brand, Type) VALUES ('22', 'TRACKER TURBO LS MT D', '2023', 'Mechanic ', 'Chevrolet', 'SUV');
INSERT INTO CAR (ReferenceID, Reference, Year, Transmission, Brand, Type) VALUES ('23', 'TRACKER TURBO LS AT D', '2023', 'Automatic', 'Chevrolet', 'SUV');
INSERT INTO CAR (ReferenceID, Reference, Year, Transmission, Brand, Type) VALUES ('24', 'Joy MT NB', '2023', 'Mechanic ', 'CHEVROLET', 'Automovil');
INSERT INTO CAR (ReferenceID, Reference, Year, Transmission, Brand, Type) VALUES ('25', 'Pulse Drive 1.3L MT', '2023', 'Mechanic ', 'FIAT', 'SUV');
INSERT INTO CAR (ReferenceID, Reference, Year, Transmission, Brand, Type) VALUES ('26', 'C-Elysée Feel 1.6 MT', '2023', 'Mechanic ', 'Citroen', 'Automovil');
INSERT INTO CAR (ReferenceID, Reference, Year, Transmission, Brand, Type) VALUES ('27', 'Gol Trendline AT', '2022', 'Automatic', 'VOLKSWAGEN', 'Automovil');
INSERT INTO CAR (ReferenceID, Reference, Year, Transmission, Brand, Type) VALUES ('28', 'Changan Chasis energy(mini truck)', '2023', 'Mechanic ', 'CHANGAN', 'Truck');
INSERT INTO CAR (ReferenceID, Reference, Year, Transmission, Brand, Type) VALUES ('29', 'Joy MT HB', '2023', 'Mechanic ', 'CHEVROLET', 'Automovil');
INSERT INTO CAR (ReferenceID, Reference, Year, Transmission, Brand, Type) VALUES ('30', 'EXPLORER XLT 4WD', '2022', 'Automatic', 'FORD', 'SUV');
INSERT INTO CAR (ReferenceID, Reference, Year, Transmission, Brand, Type) VALUES ('31', 'RAM V700 Rapid 1.4L BZ ', '2023', 'Mechanic ', 'RAM', 'VAN');
INSERT INTO CAR (ReferenceID, Reference, Year, Transmission, Brand, Type) VALUES ('32', 'RAM 700  SLT Cabina Sencilla', '2023', 'Mechanic ', 'RAM', 'Truck');
INSERT INTO CAR (ReferenceID, Reference, Year, Transmission, Brand, Type) VALUES ('33', 'RAM 700 - BIG HORN DC 1.4L', '2023', 'Mechanic ', 'RAM', 'Truck');
INSERT INTO CAR (ReferenceID, Reference, Year, Transmission, Brand, Type) VALUES ('34', 'IBIZA Nuevo Ibiza Style 1.6 MPI AT EU6 ', '2023', 'Automatic', 'SEAT', 'SUV');
INSERT INTO CAR (ReferenceID, Reference, Year, Transmission, Brand, Type) VALUES ('35', 'RANGER FX4', '2023', 'Automatic', 'FORD', 'Truck');
INSERT INTO CAR (ReferenceID, Reference, Year, Transmission, Brand, Type) VALUES ('36', 'Bronco Sport Big Bend 4x4', '2022', 'Automatic', 'FORD', 'SUV');
INSERT INTO CAR (ReferenceID, Reference, Year, Transmission, Brand, Type) VALUES ('37', 'Bronco Sport Wildtrack 4x4 ', '2022', 'Automatic', 'FORD', 'SUV');
INSERT INTO CAR (ReferenceID, Reference, Year, Transmission, Brand, Type) VALUES ('38', 'EDGE SEL 4X2', '2022', 'Automatic', 'FORD', 'SUV');
INSERT INTO CAR (ReferenceID, Reference, Year, Transmission, Brand, Type) VALUES ('39', 'EDGE ST 4X4', '2022', 'Automatic', 'FORD', 'SUV');
INSERT INTO CAR (ReferenceID, Reference, Year, Transmission, Brand, Type) VALUES ('40', 'Escape SE 4x2 EcoBoost', '2022', 'Automatic', 'FORD', 'SUV');
INSERT INTO CAR (ReferenceID, Reference, Year, Transmission, Brand, Type) VALUES ('41', 'EXPLORER LIMITED 4WD', '2022', 'Automatic', 'FORD', 'SUV');
INSERT INTO CAR (ReferenceID, Reference, Year, Transmission, Brand, Type) VALUES ('42', 'Explorer ST 4x4', '2022', 'Automatic', 'FORD', 'SUV');
INSERT INTO CAR (ReferenceID, Reference, Year, Transmission, Brand, Type) VALUES ('43', 'NIVUS CONFORTLINE AT', '2022', 'Automatic', 'VOLKSWAGEN', 'SUV');
INSERT INTO CAR (ReferenceID, Reference, Year, Transmission, Brand, Type) VALUES ('44', 'Onix LTZ 1.0 Turbo', '2022', 'Automatic', 'Chevrolet', 'Automovil');
INSERT INTO CAR (ReferenceID, Reference, Year, Transmission, Brand, Type) VALUES ('45', 'Onix NB Premier (D)', '2022', 'Automatic', 'Chevrolet', 'Automovil');
INSERT INTO CAR (ReferenceID, Reference, Year, Transmission, Brand, Type) VALUES ('46', 'RANGER LIMITED BLACK EDITION DIÉSEL', '2022', 'Automatic', 'FORD', 'Truck');
INSERT INTO CAR (ReferenceID, Reference, Year, Transmission, Brand, Type) VALUES ('47', 'TAOS CONFORTLINE SELECT', '2022', 'Automatic', 'VOLKSWAGEN', 'SUV');
INSERT INTO CAR (ReferenceID, Reference, Year, Transmission, Brand, Type) VALUES ('48', 'TAOS HIGHLINE', '2022', 'Automatic', 'VOLKSWAGEN', 'SUV');
INSERT INTO CAR (ReferenceID, Reference, Year, Transmission, Brand, Type) VALUES ('49', 'T-CROSS CONFORTLINE', '2022', 'Automatic', 'VOLKSWAGEN', 'SUV');
INSERT INTO CAR (ReferenceID, Reference, Year, Transmission, Brand, Type) VALUES ('50', 'T-CROSS TRENDLINE AT', '2022', 'Automatic', 'VOLKSWAGEN', 'SUV');
INSERT INTO CAR (ReferenceID, Reference, Year, Transmission, Brand, Type) VALUES ('51', 'T-CROSS TRENDLINE ST AT', '2022', 'Automatic', 'VOLKSWAGEN', 'SUV');
INSERT INTO CAR (ReferenceID, Reference, Year, Transmission, Brand, Type) VALUES ('52', 'Onix HB Premier', '2022', 'Automatic', 'Chevrolet', 'Automovil');
INSERT INTO CAR (ReferenceID, Reference, Year, Transmission, Brand, Type) VALUES ('53', 'RANGER XLS GASOLINA', '2023', 'Mechanic ', 'FORD', 'Truck');
INSERT INTO CAR (ReferenceID, Reference, Year, Transmission, Brand, Type) VALUES ('54', 'Onix NB LT 1.0T', '2023', 'Automatic', 'Chevrolet', 'Automovil');
INSERT INTO CAR (ReferenceID, Reference, Year, Transmission, Brand, Type) VALUES ('55', 'Gol Trendline MT', '2022', 'Mechanic ', 'VOLKSWAGEN', 'Automovil');
INSERT INTO CAR (ReferenceID, Reference, Year, Transmission, Brand, Type) VALUES ('56', 'Pulse Drive 1.3L MT', '2022', 'Mechanic ', 'FIAT', 'SUV');
INSERT INTO CAR (ReferenceID, Reference, Year, Transmission, Brand, Type) VALUES ('57', 'VITARA 2WD AT GL+', '2023', 'Automatic', 'SUZUKI', 'SUV');


#RENT
INSERT INTO RENT (RentID, ReferenceID, RentFee) VALUES ('1', '1', '2409');
INSERT INTO RENT (RentID, ReferenceID, RentFee) VALUES ('2', '2', '1869');
INSERT INTO RENT (RentID, ReferenceID, RentFee) VALUES ('3', '3', '1929');
INSERT INTO RENT (RentID, ReferenceID, RentFee) VALUES ('4', '4', '5459');
INSERT INTO RENT (RentID, ReferenceID, RentFee) VALUES ('5', '5', '3659');
INSERT INTO RENT (RentID, ReferenceID, RentFee) VALUES ('6', '6', '3279');
INSERT INTO RENT (RentID, ReferenceID, RentFee) VALUES ('7', '7', '2699');
INSERT INTO RENT (RentID, ReferenceID, RentFee) VALUES ('8', '8', '2809');
INSERT INTO RENT (RentID, ReferenceID, RentFee) VALUES ('9', '9', '3319');
INSERT INTO RENT (RentID, ReferenceID, RentFee) VALUES ('10', '10', '3209');
INSERT INTO RENT (RentID, ReferenceID, RentFee) VALUES ('11', '11', '3439');
INSERT INTO RENT (RentID, ReferenceID, RentFee) VALUES ('12', '12', '3529');
INSERT INTO RENT (RentID, ReferenceID, RentFee) VALUES ('13', '13', '3629');
INSERT INTO RENT (RentID, ReferenceID, RentFee) VALUES ('14', '14', '3779');
INSERT INTO RENT (RentID, ReferenceID, RentFee) VALUES ('15', '15', '4039');
INSERT INTO RENT (RentID, ReferenceID, RentFee) VALUES ('16', '16', '4179');
INSERT INTO RENT (RentID, ReferenceID, RentFee) VALUES ('17', '17', '5659');
INSERT INTO RENT (RentID, ReferenceID, RentFee) VALUES ('18', '18', '6359');
INSERT INTO RENT (RentID, ReferenceID, RentFee) VALUES ('19', '19', '3599');
INSERT INTO RENT (RentID, ReferenceID, RentFee) VALUES ('20', '20', '4979');
INSERT INTO RENT (RentID, ReferenceID, RentFee) VALUES ('21', '21', '4439');
INSERT INTO RENT (RentID, ReferenceID, RentFee) VALUES ('22', '22', '3229');
INSERT INTO RENT (RentID, ReferenceID, RentFee) VALUES ('23', '23', '3349');
INSERT INTO RENT (RentID, ReferenceID, RentFee) VALUES ('24', '24', '2099');
INSERT INTO RENT (RentID, ReferenceID, RentFee) VALUES ('25', '25', '2959');
INSERT INTO RENT (RentID, ReferenceID, RentFee) VALUES ('26', '26', '2639');
INSERT INTO RENT (RentID, ReferenceID, RentFee) VALUES ('27', '27', '2149');
INSERT INTO RENT (RentID, ReferenceID, RentFee) VALUES ('28', '28', '3469');
INSERT INTO RENT (RentID, ReferenceID, RentFee) VALUES ('29', '29', '2069');
INSERT INTO RENT (RentID, ReferenceID, RentFee) VALUES ('30', '30', '7579');
INSERT INTO RENT (RentID, ReferenceID, RentFee) VALUES ('31', '31', '2709');
INSERT INTO RENT (RentID, ReferenceID, RentFee) VALUES ('32', '32', '2629');
INSERT INTO RENT (RentID, ReferenceID, RentFee) VALUES ('33', '33', '3269');
INSERT INTO RENT (RentID, ReferenceID, RentFee) VALUES ('34', '34', '3399');
INSERT INTO RENT (RentID, ReferenceID, RentFee) VALUES ('35', '35', '6609');
INSERT INTO RENT (RentID, ReferenceID, RentFee) VALUES ('36', '36', '5369');
INSERT INTO RENT (RentID, ReferenceID, RentFee) VALUES ('37', '37', '6299');
INSERT INTO RENT (RentID, ReferenceID, RentFee) VALUES ('38', '38', '6129');
INSERT INTO RENT (RentID, ReferenceID, RentFee) VALUES ('39', '39', '7029');
INSERT INTO RENT (RentID, ReferenceID, RentFee) VALUES ('40', '40', '4949');
INSERT INTO RENT (RentID, ReferenceID, RentFee) VALUES ('41', '41', '8149');
INSERT INTO RENT (RentID, ReferenceID, RentFee) VALUES ('42', '42', '9069');
INSERT INTO RENT (RentID, ReferenceID, RentFee) VALUES ('43', '43', '3409');
INSERT INTO RENT (RentID, ReferenceID, RentFee) VALUES ('44', '44', '2639');
INSERT INTO RENT (RentID, ReferenceID, RentFee) VALUES ('45', '45', '2779');
INSERT INTO RENT (RentID, ReferenceID, RentFee) VALUES ('46', '46', '7119');
INSERT INTO RENT (RentID, ReferenceID, RentFee) VALUES ('47', '47', '5689');
INSERT INTO RENT (RentID, ReferenceID, RentFee) VALUES ('48', '48', '6159');
INSERT INTO RENT (RentID, ReferenceID, RentFee) VALUES ('49', '49', '4729');
INSERT INTO RENT (RentID, ReferenceID, RentFee) VALUES ('50', '50', '4239');
INSERT INTO RENT (RentID, ReferenceID, RentFee) VALUES ('51', '51', '4039');
INSERT INTO RENT (RentID, ReferenceID, RentFee) VALUES ('52', '52', '2649');
INSERT INTO RENT (RentID, ReferenceID, RentFee) VALUES ('53', '53', '4879');
INSERT INTO RENT (RentID, ReferenceID, RentFee) VALUES ('54', '54', '2509');
INSERT INTO RENT (RentID, ReferenceID, RentFee) VALUES ('55', '55', '1929');
INSERT INTO RENT (RentID, ReferenceID, RentFee) VALUES ('56', '56', '2629');
INSERT INTO RENT (RentID, ReferenceID, RentFee) VALUES ('57', '57', '2869');



#CUSTOMER
#INSERT INTO CUSTOMER VALUES(null, 'bll', 'Brian', 'Llinas', 'bllin001@odu.edu', 'test1');
#INSERT INTO CUSTOMER VALUES(null, 'bt', 'Brandon', 'Taylor', 'bt@test.com', 'test2'); 
#INSERT INTO CUSTOMER VALUES(null, 'ss', 'Sofia', 'Smith', 'ss@test.com', 'test3'); 
 

#QUOTE
#INSERT INTO QUOTE VALUES(null, 1, 1, '04-03-2022');
#INSERT INTO QUOTE VALUES(null, 3, 2, '04-06-2022');
#INSERT INTO QUOTE VALUES(null, 3, 3, '04-07-2022');
#INSERT INTO QUOTE VALUES(null, 2, 4, '04-02-2022');
#INSERT INTO QUOTE VALUES(null, 1, 5, '04-01-2022');
